八十八|八十八|Bubble 88|10209 King George Hwy|Surrey|BC|V3T2W6|$|true|1-778-395-8899|{"Mon-Thu":"10:30am - 12:00am","Fri-Sat":"10:30am - 1:00am","Sun":"10:30am - 12:00am"}||
潮楼海鲜酒家|潮樓海鮮酒家|Yan's Garden Chinese Restaurant|9948 Lougheed Hwy|Burnaby|BC|V3N4M7|$$|false|1-604-421-8823|{"Mon-Sun":"9:00am - 10:00pm"}|http://www.yansgardenrestaurant.ca/|
湘缘湖南食府|湘緣湖南食府|Alvin Garden|4850 Imperial Street|Burnaby|BC||$|false|1-604-437-0828|{}||
重庆大饭店|重慶大飯店|Szechuan Chongqing|2808 Commercial Dr|Vancouver|BC|V5N4C6|$$|false|1-604-254-7434|{}||
温部落|溫部落|PIV Cafe|128-8531 Alexandra Road|Richmond|BC|V6X1C3|||1-604-765-1266|{"Mon-Sat":"2pm - 12am","Sun":"Closed"}||
丽都餐厅|麗都餐廳|Lido Restaurant|150-4231 Hazelbridge Way|Richmod|BC|V6X3L7|$|false|1-604-231-0055|{"Mon":"7:15am - 10:00pm","Tue":"7:15am - 6:00pm","Wed-Sun":"7:15am - 10:00pm"}||
欢欣餐厅|歡欣餐廳|Alleluia Cafe|188 - 8131 Westminster Hwy|Richmod|BC|V6X1A7|$$|false|1-604-271-8266|{}||
一风堂|一風堂|Ipputan Ramen Noodle House|1190-4311 Hazelbridge Way|Richmod|BC|V6X1E4|$|false|1-604-304-3351|{"Mon-Sun":"11:00am - 11:00pm"}||
添味馆|添味館|Timmy Kitchen|100-3791 Bayview Street|Richmond|BC|V7E3B6|$$|false|1-604-275-1112|{"Mon":"10:30am - 10:00pm","Tue":"Closed","Wed-Sun":"10:30am - 10:00pm"}|http://www.timmykitchen.com/|
乡音阁|鄉音閣|Yang's Chinese Noodle Restaurant|3048 Kingsway|Vancouver|BC|V5R5J7|$|true|1-604-558-3048|{}||https://www.facebook.com/pages/%E9%84%89%E9%9F%B3%E9%96%A3-Yangs-Hotpot-BBQ-Restaurant/103960489696657
一品川菜|一品川菜|Szechuan Delicious Restaurant|6610 No. 3 Road|Richmond|BC|V6Y2C1|$$|true|1-604-276-1780|{"Mon-Sun":"11am - 3pm, 5pm - 10pm"}||
马来槟城美食|馬來檳城美食|Penang Delight Cafe|3885 Rupert St|Vancouver|BC|V5R2G7|$|false|1-604-566-9898|{"Mon":"11am-3pm and 5pm-9:30pm","Tue":"Closed","Wed-Sun":"11am-3pm and 5pm-9:30pm"}|http://www.penangdelight.com/|
马来槟城美食|馬來檳城美食|Penang Delight Cafe|1316 West 73rd Ave|Vancouver|BC|V5R2G7|$|false|1-604-566-9898|{"Mon":"11am-3pm and 5pm-9:30pm","Tue":"Closed","Wed-Sun":"11am-3pm and 5pm-9:30pm"}|http://www.penangdelight.com/|
老油条大牌档|老油條大牌檔|Double Double Restaurant & Wonton|128-4600 No. 3 Road|Richmond|BC|V6X4E8|$|true|1-604-370-3346|{"Mon":"10:30am - 10:00pm","Tue":"Closed","Wed-Sun":"10:30am - 10:00pm"}||https://www.facebook.com/pages/Double-Double-Restaurant/133427006801245
老四川|老四川|Golden Szechuan Restaurant|170-3631 No. 3 Road|Richmond|BC|V6X2B9|$$|false|1-604-288-9058|{"Mon-Thu":"11am - 10pm","Fri-Sun":"11am - 11pm"}|http://www.goldenszechuanrestaurant.com/index_chinese.html|
北京面馆|北京麵館|Beijing Noodle House|190-6451 Buswell St|Richmond|BC|V6Y4B6|$|false|1-604-278-2323|{}||
鸿星海鲜酒家|鴻星海鮮酒家|Red Star Seafood|2200-8181 Cambie Road|Richmond|BC|V6X3X9|$$$|false|1-604-270-3003|{"Mon-Sun":"10:30am - 3:00pm and 5:00pm - 10:00pm"}|http://redstarvancouver.com/|
鸿星海鲜酒家|鴻星海鮮酒家|Red Star Seafood|8298 Granville St|Vancouver|BC|V6P4Z6|$$$|false|1-604-261-8389|{"Mon-Sun":"10:30am - 3:00pm and 5:00pm - 10:00pm"}|http://redstarvancouver.com/|
胡同|胡同|Hu Tong|2942 W Broadway|Vancouver|BC|V6K2G6|$$|false|1-604-559-6622|{}||
孙尚湘|孫尚湘|Spicy Beauty Restaurant|1707 kingsway|Vancouver|BC|V5N2S4|||1-604-559-6611|{}||http://weibo.com/p/1005052961409125
天天渔港|天天漁港|Tin Tin Seafood Harbour|3711 No. 3 Road|Richmond|BC|V6X2B8|$$|false|1-604-370-3883|{"Mon-Sun":"8:30am - 4:00pm and 5:00pm - 10:30pm"}||
洪师傅牛肉面|洪師傅牛肉麵|Chef Hung Taiwanese Beef Noodle|2800-4151 Hazelbridge Way|Richmond|BC|V6X4J7|$$||1-604-295-9357|{"Mon-Thu":"11am - 9pm","Fri-Sat":"11am - 9:30pm","Sun":"11am - 9pm"}|http://www.chefhungnoodle.com/|
洪师傅牛肉面|洪師傅牛肉麵|Chef Hung Taiwanese Beef Noodle|1560 Marine Drive|West Vancouver|BC|V7V1H8|$$||1-778-279-8822|{"Mon-Thu":"11am - 9pm","Fri-Sat":"11am - 9:30pm","Sun":"11am - 9pm"}|http://www.chefhungnoodle.com/|
洪师傅牛肉面|洪師傅牛肉麵|Chef Hung Taiwanese Beef Noodle|3313 Shrum Lane|Vancouver|BC|V6V0B9|$$||1-604-228-8765|{"Mon-Thu":"11am - 9pm","Fri-Sat":"11am - 9:30pm","Sun":"11am - 9pm"}|http://www.chefhungnoodle.com/|
沸点臭臭锅|沸點臭臭鍋|Boiling Point|5276 Kingsway|Burnaby|BC|V5H2E9|$$|false|1-604-620-9737|{"Mon-Sun":"11am - 11pm"}||
沸点臭臭锅|沸點臭臭鍋|Boiling Point|130-4800 No. 3 Road|Richmond|BC|V6X3A6|$$|false|1-604-284-5168|{"Mon-Sun":"11am - 11pm"}||
新瑞华海鲜酒家|新瑞華海鮮酒家|Sun Sui Wah Seafood Restaurant|102-4940 No. 3 Road|Richmond|BC|V6X3A5|$$$|false|1-604-273-8208|{"Mon-Sun":"10:00am - 3:00pm and 5:00pm - 10:30pm"}|http://www.sunsuiwah.com/|
新瑞华海鲜酒家|新瑞華海鮮酒家|Sun Sui Wah Seafood Restaurant|3888 Main St|Vancouver|BC|V5V3N9|$$$|false|1-604-872-8822|{"Mon-Sun":"10:00am - 3:00pm and 5:00pm - 10:30pm"}|http://www.sunsuiwah.com/|
本色时尚餐厅|本色時尚餐廳|Benss Cafe|5628 Victoria Drive|Vancouver|BC|V5P3W2|$|true|1-604-558-3839|{}||https://www.facebook.com/pages/Benss-Cafe/160358827386783
万峦猪脚|萬巒豬腳|Corner 23|4008 Cambie St|Vancouver|BC|V5Z2X8|$$|false|1-604-879-8815|{}||
鹿园鱼汤米线|鹿園魚湯米線|Deer Garden Signatures|1118-3779 Sexsmith Road|Richmond|BC|V6X3Z9|$$|true|1-604-278-3779|{"Mon-Sun":"11am - 11pm"}||http://www.deergarden.ca/
鹿园鱼汤米线|鹿園魚湯米線|Deer Garden Signatures|2015-8580 Alexandra Road|Richmond|BC|V6X4B3|$$|true|1-604-278-9229|{"Mon-Sun":"11am - 11pm"}||http://www.deergarden.ca/
鹿园鱼汤米线|鹿園魚湯米線|Deer Garden Signatures|6270 Fraser St|Vancouver|BC|V5W3A1|$$|true|1-604-322-6116|{"Mon-Sun":"11am - 11pm"}||http://www.deergarden.ca/
串酷|串酷|Chuan BBQ Restaurant|130 - 8291 Westminster Hwy|Richmond|BC|V6X1A7|$||1-778-297-5577|{"Mon-Sun":"5pm - 12am"}||
农场火锅|農場火鍋|Claypot Hotpot and BBQ|105-8291 Alexandra Road|Richmond|BC|V6X1C3|$$$||1-604-284-5181|{}||
聚湘园酒楼|聚湘園酒樓|Star Anise Restaurant|3502 Kingsway|Vancouver|BC|V5R5X7|$$||1-604-559-8488|{"Mon-Sun":"9:00am - 11:00pm"}||
上海人家|上海人家|Shanghai House Restaurant|6340 No. 3 Road|Richmond|BC|V6Y2B3|$$||1-604-278-0709|{"Mon-Sun":"10:am - 10:pm"}||https://www.facebook.com/pages/Shanghai-House-%E4%B8%8A%E6%B5%B7%E4%BA%BA%E5%AE%B6/143538115698972
百珍楼|百珍樓|Bamboo Grove|6920 No. 3 Road|Richmond|BC|V6Y2C5|$$||1-604-278-9585|{}||
台湾高家小馆|台灣高家小館|Kao's Family Restaurant|1085-8580 Alexandra Road|Richmond|BC|V6X4B3|$|true|1-604-278-6606|{}||
华麟海鲜酒家|華麟海鮮酒家|Wah Lun Chinese Restaurant|4524 Hastings Street|Burnaby|BC|V5C2K6|$$||1-604-294-8059|{}||
王府井京川粵名菜|王府井京川粵名菜|Imperial Court Beijing Cuisine|6360 No. 3 Road|Richmond|BC|V6Y2B3|$$||1-604-270-6169|{"Mon-Sun":"8:30am - 3:00pm and 5:00pm - 10:00pm"}||
大街小厨|大街小廚|Ramen House|2893 West Broadway|Vancouver|BC|V6K2G6|$|false|1-604-737-2500|||
圆香生活餐饮|圓香生活餐飲|Pearl Castle Cafe|1782-6060 Minoru Blvd|Richmond|BC|V6Y2V7|$|true|1-604-279-0177|{"Mon-Thu":"9:30am - 12:00am","Fir-Sat":"9:30am - 1:00am","Sun":"11:am - 12:00am"}|http://www.pearlcastle.com/|
圆香生活餐饮|圓香生活餐飲|Pearl Castle Cafe|1128-3799 Sexsmith Road|Richmond|BC|V6X3Z9|$|true|1-604-270-3939|{"Sun-Thu":"11:30am - 1:00am","Fir-Sat":"11:30am - 2:00am"}|http://www.pearlcastle.com/|
圆香生活餐饮|圓香生活餐飲|Pearl Castle Cafe|3000-10153 King George Hwy|Surrey|BC|V3T2W1|$|true|1-604-279-0177|{"Sun-Thu":"10:30am - 12:00am","Fir-Sat":"10:30am - 1:00am"}|http://www.pearlcastle.com/|
圆香生活餐饮|圓香生活餐飲|Pearl Castle Cafe|14-4429 Kingsway|Burnaby|BC|V5H2A1|$|true|1-604-559-7929|{"Sun-Thu":"11:0am - 1:00am","Fir-Sat":"11:00am - 2:00am"}|http://www.pearlcastle.com/|
苏杭人家|蘇杭人家|Suhang Restaurant|100-8291 Ackroyd Road|Richmond|BC|V6X3J9|$$|false|1-604-278-7787|{"Mon-Sun":"11:00am - 3:00pm and 5:00pm - 10:00pm"}|http://www.suhang.ca/|
食为先酒家|食為先酒家|Top Cantonese Cuisine Restaurant|2752 Kingsway|Vancouver|BC|V5R3M6|$$$|false|1-604-436-1623|{}||
上海粗菜馆|上海粗菜館|Shanghai Elan Restaurant|1687-4500 Kingsway|Burnaby|BC|V5H4V2|$$||1-604-569-2955|{"Mon-Sun":"5:00pm - 10:00pm"}|http://www.shanghaielanrest.com/|
南海渔村海鲜酒家|南海漁村海鮮酒家|South Ocean Seafood|4751 Garden City Road|Richmond|BC|V6X3M7|$$$||1-604-278-1233|{"Mon-Sun":"9:00am - 3:00pm and 5:00pm - 11:00pm}||
叙香园海鲜酒楼|敘香園海鮮酒樓|Shiang Garden Seafood Restaurant|4540 No. 3 Road|Richmond|BC|V6X4E8|$$$||1-604-273-8858|{"Mon-Sun":"10:00am - 3:00pm and 5:00pm - 10:30pm"}|| 
珍珠小火锅|珍珠小火鍋|Pearl Hot Pot|7154 Sperling Ave|Burnaby|BC|V5E2W5|$$||1-604-516-0238|{"Mon-Tue":"12:00pm - 11:00pm","Thu-Sun":"12:00pm - 11:00pm"}||https://www.facebook.com/pearlhotpotrestaurant
麦奀记传统云吞面食|麥奀記傳統雲吞麵食|MaxNoodle House|8291 Alexandra Road|Richmond|BC|V6X1C3|$|true|1-604-231-8141|{}||https://www.facebook.com/pages/Maks-Noodle-Restaurant/127470563955260 
宁波海鲜酒家|寧波海鮮酒家|Ningbo Seafood Restaurant|4380 No. 3 Road|Richmond|BC|V6X4E8|$$$||1-604-800-6677|{"Mon-Sun":"10:30am - 3:00pm and 5:30pm - 10:00pm"}|http://ningboseafoodrestaurant.com/| 
金粤轩海鲜酒家|金粵軒海鮮酒家|Empire Chinese Cuisine|8251 Alexandra Road|Richmond|BC|V6X1C3|$$$||1-604-303-9780|{"Mon-Sun"9:00am - 3:00pm and 5:30pm - 10:30pm"}||
白王|白王|China King Restaurant|202-15920 Fraser Hwy|Surrey|BC|V4N0X8|$||1-604-599-4899|{"Mon-Sun":"11:30am - 10:00pm"}|http://www.chinaking.biz/|
胖娃京川菜馆|胖娃京川菜館|Fatty Hi|1101-8328 Capstan Way|Richmond|BC|V6X2H6|$$||1-604-370-0658|{}||
前门饭店|前門飯店|Lucky Gate Chinese Restaurant|1139 Austin Ave|Coquitlam|BC|V3K3P4|$$||1-604-939-8630|{}||
明月楼海鲜酒家|明月樓海鮮酒家|HML Seafood Restaurant|200-5890 No. 3 Road|Richmond|BC|V6X1A7|$$||1-604-270-8888|{"Mon-Sun":"9:00am - 3:00pm and 5:00pm - 10:30pm"}||
玉麒麟海鲜酒家|玉麒麟海鮮酒家|Kirin Seafood Restaurant|555 West 12th Ave|Vancouver|BC|V5Z3X7|$$$||1-604-879-8038|{"Mon-Sun":"11:00am - 2:30pm and 5:00pm - 10:30pm","Sat-Sun":"10:00am - 2:30pm and 5:00pm - 10:30pm"}|http://www.kirinrestaurants.com/index.php5|
玉麒麟海鲜酒家|玉麒麟海鮮酒家|Kirin Seafood Restaurant|1172 Alberni Street|Vancouver|BC|V6E3Z3|$$$||1-604-682-8833|{"Mon-Sun":"11:00am - 2:30pm and 5:00pm - 10:30pm","Sat-Sun":"10:00am - 2:30pm and 5:00pm - 10:30pm"}|http://www.kirinrestaurants.com/index.php5|
玉麒麟海鲜酒家|玉麒麟海鮮酒家|Kirin Seafood Restaurant|200-7900 Westminster Highway|Richmond|BC|V6X1A5|$$$||1-604-303-8833|{"Mon-Sun":"10:00am-2:30pm; 5:00pm-10:30pm"}|http://www.kirinrestaurants.com/index.php5|
玉麒麟海鲜酒家|玉麒麟海鮮酒家|Kirin Seafood Restaurant|350 Gifford Street|New Westminster|BC|V3M7A3|$$$||1-604-528-8833|{"Mon-Sun":"11:00am - 2:30pm and 5:00pm - 10:30pm","Sat-Sun":"10:00am - 2:30pm and 5:00pm - 10:30pm"}|http://www.kirinrestaurants.com/index.php5|
海皇美食|海皇美食|Venice Garden Seafood Restaurant|262-2800 East 1st Ave|Vancouver|BC|V5M4N9|$$|true|1-604-876-8828|{"Mon-Sun":"8:00am - 1:00am"}|| 
森|森|Sen Chinese Bistro|101-1788 West Broadway|Vancouver|BC|V6J3J3|$$||1-604-558-3989|{"Mon-Sun":"11:00am - 10:00pm"}|http://senchinesebistro.com/|https://www.facebook.com/senchinesebistro
白玉兰餐馆|白玉蘭餐館|Chen’s Shanghai Kitchen|8095 Park Road|Richmond|BC|V6Y2Y8|$$||1-604-304-8288|{"Mon-Sun":"11:00am - 10:00pm"}||
沪上|滬上|No.1 Shanghai Cuisine|120-4200 No. 3 Road|Richmond|BC|V6X2C4|$$||1-604-279-1728|{"Mon-Sun":"11:00am - 1:00am"}|http://hushangfood.blog.163.com/|
惠食佳海鲜酒家|惠食佳海鮮酒家|Good Eat Seafood Restaurant|8111 Leslie Road|Richmond|BC|V6X1E4|$|true|1-604-278-6688|{}||
巴渝菜舍|巴渝菜舍|Szechuan House Restaurant|4394 Imperial St|Burnaby|BC|V5J1A9|$$||1-604-439-3029|{"Mon-Tue":"11:30am - 10:00pm","Wed-Thu":"5:00pm - 10:00pm","Fri-Sun":"11:30am - 10:00pm"}|| 
水晶宫饭店|水晶宮飯店|Crystal Palace Restaurant|4735 Willingdon Avenue|Burnaby|BC|V5G3H5|$||1-604-437-8813|{"Mon-Sun":"11:00am - 10:00pm"}|| 
鹿园茶餐厅|鹿園茶餐廳|Deer Garden Restaurant|3610 Westwood Street|Port Coquitlam|BC|V3B4S8|$$||1-604-468-7228|{}||
旺|旺|Shanghai Wonderful Restaurant|8380 Lansdowne Road|Richmond|BC|V6X3M6|$$|false|1-604-278-8829|{"Mon-Sun":"11:00am - 3:00pm and 5:00pm - 10:00pm"}|| 
侬京川沪粤海鲜酒家|儂京川滬粵海鮮酒家|Nong Chinese Restaurant|5701 Granville Street|Vancouver|BC|V6M3C5|$$||1-604-263-4460|{"Mon-Sun":"10:00am - 10:00pm"}|http://www.nongchinesevancouver.com/|
阿一鲍翅|阿一鮑翅|Grand Honour Restaurant|5701 Granville Street|Vancouver|BC|V6M3C5|$$$||1-604-263-3983|{}|| 
鲁菜又一春|魯菜又一春|Northern Chinese Cuisine|110-8188 Saba Road|Richmond|BC|V6Y4E2|$|false|1-604-278-6788|{"Mon":"Closed","Tue-Sun":"11:00am - 3:00pm and 5:00pm - 10:00pm"}||
凯旋大酒楼|凱旋大酒樓|Victory Seafood Restaurant|Ste 2216-4500 Kingsway|Burnaby|BC|V5H2A9|$$$||1-604-456-0388|{}|http://www.victoryseafoodrestaurant.com/| 
黎正记烧腊|黎正記燒臘|Lai Ching Kee|2010-8580 Alexandra Road|Richmond|BC|V6X4B3|$$||1-604-370-3888|{}|| 
北疆饭店|北疆飯店|Bei Jiang Restaurant|1075–8580 Alexandra Road|Richmond|BC|V6X1C3|$$||1-778-297-6656|{"Mon-Sun":"11:00am - 11:00pm"}|| 
牛仔餐厅|牛仔餐廳|Cattle Cafe|1020-8580 Alexandra Road|Richmond|BC|V6X4B3|$|true|1-604-276-2800|{"Mon-Sun":"11:00am - 1:00am"}|http://www.cattlecafe.ca/|https://www.facebook.com/CattleCafeRichmond
牛仔餐厅|牛仔餐廳|Cattle Cafe|7348 Kingsway|Burnaby|BC|V3N4P2|$|true|1-604-636-1123|{}|http://www.cattlecafe.ca/|
牛仔餐厅|牛仔餐廳|Cattle Cafe|4885 Kingsway|Burnaby|BC|V5H4T2|$|true|1-604-430-8686|{}|http://www.cattlecafe.ca/|
牛仔餐厅|牛仔餐廳|Cattle Cafe|3510 Kingsway|Vancouver|BC|V5R5X4|$|true|1-604-638-8990|{}|http://www.cattlecafe.ca/|
湘蜀飘香|湘蜀飄香|Hotluck Restaurant|6-4300 Kingsway|Burnaby|BC|V5H1Z8|$||1-604-568-1199|{"Mon-Tue":"11:30am - 11:00pm","Wed":"5:00pm - 11:00pm","Thu-Sun":"11:30am - 11:00pm"}|http://www.hotluck.ca/| 
冠宝美食之家|冠寶美食之家|Koon Bo Restaurant|5682 Fraser Street|Vancouver|BC|V5W2Z3|$$||1-604-323-1218|{"Mon":"Closed","Tue-Sun":"11:00am - 3:00pm and 5:00pm - 10:00pm"}||
雅室友素食|雅室友素食|4 Stones Vegetarian Cuisine|160–7771 Westminster Highway|Richmond|BC|V6X4J4|$$||1-604-278-0852|{"Mon":"Closed","Tue-Sun":"11:00am - 10:00pm"}||
聚|聚|Dinesty Chinese Restaurant|160–8111 Ackroyd Road|Richmond|BC|V6X3J9|$$||1-604-303-7772|{"Mon-Fri":"11:00am - 3:00pm and 5:30pm - 10:00pm","Sat-Sun":"11:00am - 3:00pm and 4:30pm - 10:00pm"}||
尚面馆|尚麵館|Shang Noodle House|130-8033 Saba Road|Richmond|BC|V6Y4B6|$||1-604-238-3388|{"Mon-Sun":"11:00am - 10:30pm"}|http://www.shangnoodlehouse.com/|
明家烧腊专家|明家燒臘專家|HK BBQ Master|4651 No. 3 Road|Richmond|BC|V6Y1N3|$|true|1-604-272-6568|{"Mon-Tue":"11:00am - 8:00pm","Wed":"Closed","Thu-Sun":"11:00am - 8:00pm"}||   
烤之味|烤之味|Li's China Grill|4-3377 Kingsway|Vancouver|BC|V5R5K6|$||1-604-568-1832|{"Mon-Sun":"5:00pm to 1:00am"}||
海港大酒楼|海港大酒樓|Sea Harbour Seafood Restaurant|150-8888 River Road|Richmond|BC|V6X1Y7|$$$||1-604-232-0816|{}|http://www.seaharbour.com/|
王记台湾牛肉面|王記台灣牛肉麵|Wang's Taiwan Beef Noodle House|8390 Granville St|Vancouver|BC|V6P4Z7|$||1-604-266-7966|{}|| 
破店|破店|Strike|3217 W Broadway|Vancouver|BC|V6K4N7|$||1-604-558-3217|{"Mon-Thu":"11:00am - 9:30pm","Fri-Sat":"11:00am - 10:00pm","Sun":"11:00am - 9:30pm"}||https://www.facebook.com/pages/Strike/113553352131031
聚湘村湘菜酒楼|聚湘村湘菜酒樓|Bushuair Restaurant|121-4600 No. 3 Road|Richmond|BC|V6X4E8|$$$||1-604-285-3668|{}||
小酌|小酌|508 Bistro|5507 Kingsway|Burnaby|BC|V5H2G3|$||1-604-436-3088|{"Mon":"05:00pm - 11:30pm","Tue":"Closed","Wed-Thu":"5:00pm - 11:30pm","Fri":"5:00pm - 12:30am","Sat":"11:30am - 12:30am","Sun":"11:30am - 11:30pm"}|http://www.508bistro.com/|https://www.facebook.com/profile.php?id=100001544722564 
零柒五五|零柒五五|0755 Restaurant & Lounge|3779 Sexsmith Road|Richmond|BC|V6X3Z9|$$||1-604-273-0755|{"Mon-Tue":"5:30pm - 12:11am","Fri-Sat":"5:30pm - 2:00am","Sun":"5:30pm - 12:11am"}|http://www.0755lounge.com/|
海棠海鲜酒家|海棠海鮮酒家|Hoi Tong Chinese Seafood Restaurant|160-8191 Westminster Hwy|Richmond|BC|V6X1A7|$$$||1-604-276-9229|{}||
新重庆|新重慶|New Chongqing Restaurant|2044 West 41st Ave|Vancouver|BC|V6M1Y7|$$||1-604-266-9988|{}|| 
上海九鼎|上海九鼎|Shanghai Xiao Long Bao Restaurant|469 Richards Street|Vancouver|BC|V6B6H6|$$||1-604-669-8816|{"Mon-Sun":"10:30am - 3:00pm and 5:00pm - 10:00pm"}|http://www.shanghaicuisinerestaurant.com/|
小肥羊火锅|小肥羊火鍋|Little Sheep Mongolian Hot Pot|200-4755 Kingsway|Burnaby|BC|V5H4W2|$$$|false|1-604-434-0001|{"Mon-Sun":"11:00am -12:00am"}|http://www.littlesheephotpot.com/|
小肥羊火锅|小肥羊火鍋|Little Sheep Mongolian Hot Pot|405-5300 No.3 Road|Richmond|BC|V2X2X9|$$$|false|1-604-231-8966|{"Mon-Sun":"11:00am -12:00am"}|http://www.littlesheephotpot.com/|
小肥羊火锅|小肥羊火鍋|Little Sheep Mongolian Hot Pot|101-1788 West Broadway|Vancouver|BC|V6J3J3|$$$|false|1-604-563-4868|{"Mon-Sun":"11:00am -12:00am"}|http://www.littlesheephotpot.com/|
凤鸣粥面|鳳鳴粥面|Neptune Wonton Noodle|110–8171 Akroyd Road|Richmond|BC|V6X3K1|$||1-604-207-9889|{"Mon-Sun":"11:00am - 2:00am"}||
松林居|松林居|Kalvin's Szechuen Restaurant|5225 Victoria Dr|Vancouver|BC|V5P3V5|$$||1-604-321-2888|{"Mon-Tue":"11:00am - 2:30pm and 5:30 - 9:30pm","Wed":"Closed","Thu-Sun":"11:00am - 2:30pm and 5:30 - 9:30pm"}||
黎良记牛什蛇羹专家|黎良記牛什蛇羹專家|Lai Leung Kee Delicatessen|1360-4540 No. 3 Road|Richmond|BC|V6X4E4|$||1-604-247-8893|{"Mon-Wed":"10:30am - 7:00pm","Thu":"Closed","Fri-Sun":"10:30am - 7:00pm"}||
少林面庄|少林麵莊|Shao Lin Noodle House|656 West Broadway|Vancouver|BC|V5Z1G1|$$|false|1-604-873-1618|{"Mon-Thu":"11:00am - 9:30pm","Fri-Sat":"11:00am - 10:00pm","Sun":"11:00am - 9:30pm"}|http://shalinnoodlehouse.com/|
金都餐厅饼店|金都餐廳餅店|Kam Do Restaurant & Bakery|1120-8391 Alexandra Road|Richmond|BC|V6X1C3|$$||1-604-231-9216|{}|| 
禅悦斋|禪悅齋|Spicy Vegetarian Cuisine|132-4200 No. 3 Road|Richmond|BC|V6X2C2|$$|true|1-604-304-3538|{"Mon-Tue":"11:00am - 3:00pm and 5:00pm-9:30pm","Wed":"Closed","Thu-Sun":"11:00am - 3:00pm and 5:00pm-9:30pm"}|| 
和平饭店|和平飯店|Peaceful Restaurant|2394 West 4th Ave|Vancouver|BC|V6K1P2|$$|false|1-604-559-9533|{"Mon-Thu":"11:00am - 9:30pm","Fri-Sun":"11:00am - 10:00pm"}|http://www.peacefulrestaurant.com/| 
和平饭店|和平飯店|Peaceful Restaurant|532 West Broadway|Vancouver|BC|V5Z1E9|$$|false|1-604-879-9878|{"Mon-Thu":"11:00am - 9:30pm","Fri-Sun":"11:00am - 10:00pm"}|http://www.peacefulrestaurant.com/| 
和平饭店|和平飯店|Peaceful Restaurant|43 East 5th Avenue|Vancouver|BC|V5T1G7|$$|false|1-604-559-9511|{"Mon-Thu":"11:00am - 9:30pm","Fri-Sun":"11:00am - 10:00pm"}|http://www.peacefulrestaurant.com/|
金边小馆|金邊小館|Phnom Penh|244 E Georgia Street|Vancouver|BC|V6A1Z7|$$||1-604-682-5777|{"Mon-Thu":"10:00am - 9:00pm","Fri-Sun":"10:00am - 10:00pm"}|| 
蜀九香|蜀九香|New Concept Hot Pot|168-8131 Westminster Highway|Richmond|BC|V6X1A7|$$$|true|1-604-303-9555|{}||
小四川|小四川|New Spicy Chili|160-4200 No. 3 Road|Richmond|BC|V6X2C4|$$|false|1-604-273-3388|{}|| 
一心园餐厅|一心園餐廳|One Heart Garden|138-8131 Westminster Hwy|Richmond|BC|V6X4J4|$||1-778-297-1268|{}|| 
上海一只鼎|上海一隻鼎|Top Shanghai Cuisine|120-8100 Ackroyd Road|Richmond|BC|V6X3K5|$$|false|1-604-278-8798|{"Mon-Sun":"10:30am - 10:30pm"}|http://www.topshanghaicuisine.com/| 
新荣记海鲜食馆|新榮記海鮮食館|Wing Kee Restaurant|120-8260 Granville Ave|Richmond|BC|V6Y1P3|$||1-604-270-1825|{}|| 
龙皇鲍翅海鲜酒家|龍皇鮑翅海鮮酒家|Neptune Seafood Restaurant|100-8171 Ackroyd Road|Richmond|BC|V6X3J9|$$|true|1-604-207-9888|{}|http://www.neptune-restaurant.ca/| 
春秋火锅|春秋火鍋|Landmark Hot Pot House|4023 Cambie Street|Vancouver|BC|V5Z2X9|$$$|false|1-604-872-2868|{"Mon-Sun":"5:00pm - 2:00am"}||https://www.facebook.com/landmarkhotpot
南翔小笼|南翔小籠|Shanghai Shanghai|3010-4151 Hazelbridge Way|Richmond|BC|V6X4J7|$|true|1-604-279-1239|{}||
潮州菜|潮州菜|Cheung's Chiu Chow Restaurant|2150-8391 Alexandra Road|Richmond|BC|V6X1C3|$$||1-778-898-8428|{"Mon-Sun":"11:00am - 11:00pm"}||
丰臣家|豐臣家|Toyotomi|110-8111 Anderson Road|Richmond|BC|V6Y2C1|$$$||1-778-297-6186|{"Mon-Sun":"5:00pm - 12:00am"}||https://www.facebook.com/pages/%E8%B1%90%E8%87%A3%E5%AE%B6/182177585159657
红灯笼|紅燈籠|Red Lantern|2265-8181 Cambie Road|Richmond|BC|V6X3X9|$||1-778-829-8009|{}|| 
九记|九記|No.9 Restaurant|812-5300 No. 3 Road|Richmond|BC|V6X2X9|$$|true|1-604-278-7700|{"Mon-Sun":"24hours"}|http://richmond9.com/|
星马印|星馬印|Tropika at Robson|1128 Robson Street|Vancouver|BC|V6E1B5|$$||1-604-737-6002|{"Mon-Sun":"11:00am - 10:00pm"}|http://www.tropika-canada.com/|
星马印|星馬印|Tropika at Robson|2975 Cambie Street|Vancouver|BC|V5Z2V7|$$||1-604-879-6002|{"Mon-Sun":"11:00am - 10:00pm"}|http://www.tropika-canada.com/|
星马印|星馬印|Tropika at Robson|322-5300 No.3 Road|Richmond|BC|V6X2X9|$$||1-604-233-7002|{"Mon-Sun":"11:00am - 10:00pm"}|http://www.tropika-canada.com/|
何源记|何源記|Ho Yuen Kee Restaurant|6236 Fraser Street|Vancouver|BC|V5W3A1|$$||1-604-324-8855|{"Mon-Thu":"11:00am - 11:00pm","Fri-Sat":"11:00am - 12:00am","Sun":"11:00am - 11:00pm"}||
恩荣小馆|恩榮小館|Jubilant Restaurant|190-4200 No. 3 Road|Richmond|BC|V6X2C4|$|true|1-604-278-3555|{"Mon-Sun":"11:00am - 1:00am"}||
和丰车仔面|和豐車仔麵|Wo Fung Noodle Express|190-8400 Alexandra Road|Richmond|BC|V6X1C3|$|true|1-604-284-5635|{"Mon-Tue":"11:30am - 9:00pm","Wed":"11:30am - 4:00pm","Thu":"11:30am - 9:00pm","Fri-Sat":"11:30am - 9:30pm","Sun":"11:30am - 9:00pm"}||https://www.facebook.com/Wofungnoodle
嫁Ge冷潮州菜|嫁Ge冷潮州菜|JC Kitchen|103-11782 Hammersmith Way|Richmond|BC|V7A5J9|$||1-778-297-6113|{}|| 
湘味浓|湘味濃|Luckynoodle Chinese Restaurant|3-3377 Kingsway|Vancouver|BC|V5R5K6|$$||1-604-430-8818|{}|| 
小南国上海小吃|小南國上海小吃|Shanghai Morning Restaurant|125-8291 Alexandra Road|Richmond|BC|V6X1C3|$|true|1-778-297-6098|{}|| 
帝苑皇宴海鲜酒家|帝苑皇宴海鮮酒家|Empire Seafood Restaurant|2005951 No.3 Road|Richmond|BC|V6X2E3|$$$|false|1-604-249-0080|{"Mon-Sun":"9:00am – 3:00pm and 5:30pm – 10:30pm"}|http://www.empirerestaurant.ca/| 
旺顺阁京川私房菜|旺順閣京川私房菜|Wang Shun Ge|1180-8391 Alexandra Road|Richmond|BC|V6X1C3|$||1-604-303-1192|{"Mon":"11:00am - 3:00pm and 5:00pm - 10:00pm","Tue":"Closed","Wed-Sun":"11:00am - 3:00pm and 5:00pm - 10:00pm"}|| 
新上海酒家|新上海酒家|Modern City Chinese Restaurant|2106 West 41st Ave|Vancouver|BC|V6M1Z1|$$||1-604-558-3848|{"Mon-Sun":"11:00am - 10:00pm"}|http://www.topshanghaifood.com/| 
俏西南四川火锅|俏西南四川火鍋|iSpicy Hot Pot|3520 Kingsway|Vancouver|BC|V5R5L7|$$$|true|1-604-431-6283|{"Mon-Sun":"11:00am - 9:30pm"}||https://www.facebook.com/pages/%E4%BF%8F%E8%A5%BF%E5%8D%97-Ispicy-hotpot/162029360559364
大同海鲜酒家|大同海鮮酒家|Dai Tung Chinese Seafood Restaurant|108-1050 Kingsway|Vancouver|BC|V5V3C6|$$|true|1-604-872-2268|{"Mon-Sun":"9:00am - 11:00pm"}||
九道|九道|Nine Dishes|960 Kingsway|Vancouver|BC|V5V3C4|$||1-778-282-8699|{"Mon":"5:00pm - 12:00am","Tue-Sun":"11:00am - 12:00am"}|| 
龙顺园|龍順園|Dragon House|3293 Kingsway|Vancouver|BC|V5R4H3|$||1-604-569-0726|{"Mon-Sun":"5:00pm - 2:00am"}|| 
小龙记面家|小龍記麵家|Long's Noodle House|4853 Main Street|Vancouver|BC|V5V 3R9|$$|true|1-604-879-7879|{"Mon":"11:00am - 2:30pm and 5:30pm - 9:00pm","Tue":"Closed","Wed-Fri":"11:00am - 2:30pm and 5:30pm - 9:00pm","Sat-Sun":"11:00am-3:00pm to 5:30pm-9:00pm"}||
钓鱼台海鲜酒家|釣魚台海鮮酒家|Fisherman's Terrace Seafood Restaurant|3580-4151 Hazelbridge Way|Richmond|BC|V6X4J7|$$$||1-604-303-9739|{"Mon-Sun":"10:00am - 3:00pm and 5:30pm - 10:00pm"}||
非你莫蜀|非你莫蜀|Highgate Chinese Restaurant|7090 Kingsway|Burnaby|BC|V5E1E5|$$||1-604-525-1666|{"Mon":"11:30am - 3:00pm and 5:30pm - 10:00pm","Tue":"Closed","Wed-Thu":"11:30am - 3:00pm and 5:30pm - 10:00pm","Fri":"11:30am - 3:00pm and 5:30pm - 10:30pm","Sat":"12:00am - 3:00pm and 5:30pm - 10:30pm","Sun":"12:00am - 3:00pm and 5:30pm - 10:00pm"}|| 
田师傅湘菜馆|田師傅湘菜館|Tian Shi Fu Restaurant|100-8151 Anderson Road|Richmond|BC|V6Y2C1|$$||1-604-276-9168|{"Mon-Sun":"11:00am - 3:00pm and 5:30pm - 10:00pm"}|http://tianshifu.weebly.com/|
大班餐厅饼店|大班餐廳餅店|The Boss Restaurant|130-8171 Ackroyd Road|Richmond|BC|V6X3J9|$$$|true|1-604-273-2677|{}|| 
大班餐厅饼店|大班餐廳餅店|The Boss Restaurant|238-4800 Kingsway|Burnaby|BC|V5H4J2|$$$|true|1-604-438-2677|{}||
大班餐厅饼店|大班餐廳餅店|The Boss Restaurant|532 Main Street|Vancouver|BC|V6A1X4|$$|true|1-604-683-3860|{}||
鹿鸣春|鹿鳴春|Lu Ming Chun|1100-3700 No. 3 Road|Richmond|BC|V6X3X2|$||1-604-821-0828|{}||
包饺店|包餃店|Moutai Plus Restaurant|8101 Park Road|Richmond|BC|V6Y2Y8|$|true|1-604-233-6981|{"Mon-Sun":"11:30am - 10:00pm"}||
娘家味道园|娘家味道園|Yammy Mammy|4963 Joyce Street|Vancouver|BC|V5R4G7|$$||1-604-558-3988|{"Mon-Sun":"11:00am - 10:30pm"}||
开开豆捞坊|開開豆撈坊|K. K. Dollar Hot Pot|200-4200 No. 3 Road|Richmond|BC|V6X2C4|$$||1-604-279-5588|{"Mon-Thu":"5:00pm - 1:00am","Fri-Sat":"5:00pm - 2:00am","Sun":"5:00pm - 1:00am"}|| 
红锦天|紅錦天|Spicy Legend|3309 Kingsway|Vancouver|BC|V5R5K6|$$|true|1-604-568-9230|{"Mon":"5:00pm - 11:00pm","Tue-Sun":"11:30am - 2:30pm and 5:00pm - 11:00pm"}|| 
金如意粤菜精华|金如意粵菜精華|Gingeri Chinese Cuisine|323-5300 No. 3 Road|Richmond|BC|V6X2X9|$$||1-604-278-6006|{"Mon-Sun":"9:00am - 3:00pm and 5:00pm - 10:00pm"}|| 
牛皇火锅|牛皇火鍋|So Hot So Pot|150-4731 Garden City Road|Richmond|BC|V6X3M7|$$$||1-604-270-8892 |{}||
新镛记火锅|新鏞記火鍋|Garden City Hot Pot|8788 McKim Way|Richmond|BC|V6X4E2|$$$||1-604-303-0909|{"Mon-Fri":"9:00am – 5:00pm","Sat":"9:00am – 1:00pm","Sun":"Closed"}|http://www.topgungroup.com/|
紫金城京菜|紫金城京菜|Imperial City Bistro|140-3671 Westminster Hwy|Richmond|BC|V7C5W5|$$$||1-604-270-7799|{"Mon-Sun":"11:00am - 3:00pm and 5:00pm - 10:00pm"}||
大可以饭店|大可以飯店|Big Chef Restaurant|1060-8580 Alexandra Road|Richmond|BC|V6X4B3|$$||1-604-207-0386|{"Mon-Sun":"5:00pm - 2:00am"}|| 
一心面典|一心麵典|Accord Food House|4611 Kingsway|Burnaby|BC|V5H4L3|$|true|1-604-435-5777|{}||
潮州世家|潮州世家|Top Chiu Chow Cuisine|1211-8338 Capstan Way|Richmond|BC|V6X4B5|$$$||1-604-278-5698|{"Mon-Sun":"10:00am - 3:00pm and 5:00pm - 10:00pm"}||
顺峰海鲜酒家|順峰海鮮酒家|Shun Feng Seafood Restaurant|4380 No. 3 Road|Richmond|BC|V6X3V7|$$$||1-604-304-6088|{"Mon-Sun":"9:00am - 10:00pm"}|| 
金穗香饼屋|金穗香餅屋|Golden Wheat Bakery|423 Gore Ave|Vancouver|BC|V6A2Z4|$||1-604-893-8892|{}||
西南风|西南風|S&W Pepper House|1812-4500 Kingsway|Burnaby|BC|V5H2B1|$$|true|1-604-451-3916|{}||
极道涮涮锅|極道涮涮鍋|Gokudo Shabu Shabu Hot Pot|2133-3779 Sexsmith Road|Richmond|BC|V6X3Z9|$$$||1-604-232-9078|{"Mon-Thu":"5:00pm - 11:00pm","Fri":"5:00pm - 12:00am","Sat":"12:00pm - 12:00am","Sun":"12:00pm - 11:00pm"}||https://www.facebook.com/GokudoShabuShabu
小肥牛|小肥牛|Fatty Cow Seafood Hot Pot|5108 Victoria Drive|Vancouver|BC|V5P3V1|$$$||1-604-568-6630|{"Mon-Sun":"5:00pm - 1:00am"}|http://www.fattycowhotpot.com/|https://www.facebook.com/fattycowhotpot 
粥面轩|粥麵軒|Congee Noodle King|3313 Kingsway|Vancouver|BC|V5R4H3|$$|true|1-604-435-6670|{}|| 
海南鸡饭|海南雞飯|Cafe D'lite|3144 West Broadway|Vancouver|BC|V6K2H3|$|true|1-604-733-8882|{}||
油鸡洪烧腊菜馆|油雞洪燒臘菜館|Master Hung BBQ Restaurant|140-8780 Blundell Road|Richmond|BC|V6Y2N6|$|true|1-604-272-3813|{}||
台湾高家小馆|台灣高家小館|Kao's Family Restaurant|1085-8580 Alexandra Road|Richmond|BC|V6X4B3|$|true|1-604-278-6606|{}|| 
新荣记|新榮記|Wing Kee Restaurant|8260 Granville Ave|Richmond|BC|V6Y1P3|$$|false|1-604-270-1825|{"Mon-Sun":"4:00pm - 3:00am"}|| 
羊妈妈小厨|羊媽媽小廚|Morning Star Bubble Tea|104-998 Harbourside Drive|North Vancouver|BC|V7P3T2|$|true|1-604-988-2512|{"Mon-Fri":"11:30am - 9:00pm","Sun":"2:30pm - 9:00pm"}||https://www.facebook.com/MorningStarBubbleTea
沪江海派料理|滬江海派料理|Shanghai River|7831 Westminster Hwy|Richmond|BC|V6X4J4|$$$|false|1-604-233-8885|{}||
百达门星洲美食|百達門星洲美食|Prata-Man Singapore Cuisine|9020 Capstan Way|Richmond|BC|V6X1R4|$|true|1-604-278-1348|{}|| 
菩提菜香素食|菩提菜香素食|Bodhi Choi Heung|3932 Fraser Street|Vancouver|BC|V5V4E4|$$||1-604-873-3848|{}||
翠缇|翠緹|Tri-Ty Cafe|130-8100 Ackroyd Road|Richmond|BC|V6X3J9|$||1-604-231-8997|{"Mon-Thu":"11:30am - 11:30pm","Fri-Sat":"11:30am - 12:30am","Sun":"11:30am - 11:30pm"}||
京园牛肉面|京園牛肉麵|No.1 Beef Noodle House|4741 Willingdon Ave|Burnaby|BC|V5G3H5|$|true|1-604-438-6648|{"Mon":"11:00am - 12:00am","Tue":"11:00am - 12:00am","Wed":"11:00am - 12:00am","Thu":"11:00am - 12:00am","Fri":""11:00am - 1:00am","Sat":"11:00am - 1:00am","Sun":"11:00am - 12:00am"}|http://www.jynoodle.com/|
京园牛肉面|京園牛肉麵|No.1 Beef Noodle House|4063 Main Street|Vancover|BC|V5V3P5|$|true|1-604-568-6821|{"Mon":"11:00am - 12:00am","Tue":"11:00am - 12:00am","Wed":"11:00am - 12:00am","Thu":"11:00am - 12:00am","Fri":""11:00am - 1:00am","Sat":"11:00am - 1:00am","Sun":"11:00am - 12:00am"}|http://www.jynoodle.com/|
半岛公馆|半島公館|Peninsula Seafood Restaurant|140-650 West 41st Ave|Vancouver|BC|V5Z2M9|$$$$|false|1-604-428-9999|{}|http://www.bandao.com/|